,Model_Name,Enocding_Type,Clustering_Algorithm,Clusters,Silhouette_Score,Survival_Pval,Cluster_score
0,L3ARMAConv,final,KMEANS,2,0.18427548155917528,0.8299784604647343,0.2361867271948064
1,L3ARMAConv,final,KMEANS,3,0.17723722723018984,0.7765982916364451,0.014932620359967575
2,L3ARMAConv,final,KMEANS,4,0.12401355652787524,0.7135130046905229,0.013348787061801736
3,L3ARMAConv,final,KMEANS,5,0.16073029876068742,0.7885896773353329,0.00793408951662836
4,L3ARMAConv,final,KMEANS,6,0.1628570292230139,0.7906588232822619,0.004373235777487847
5,L3ARMAConv,final,PAM,2,0.4969237744808197,0.7522677830119072,0.24332947096077842
6,L3ARMAConv,final,PAM,3,0.5249553322792053,0.8682592785894925,0.04485199697079451
7,L3ARMAConv,final,PAM,4,0.4751748740673065,0.4445320147234699,0.023320327840996587
8,L3ARMAConv,final,PAM,5,0.4416288733482361,0.6709666113721253,0.011928971907494878
9,L3ARMAConv,final,PAM,6,0.40024247765541077,0.32587351664697334,0.010875420163384691
10,L3ARMAConv,final,COMMONNN,2,-0.17579489375449348,0.025316692862014593,0.03825336105776098
11,L3ARMAConv,final,AFFINITY_PROPAGATION,15,0.33310332894325256,0.5261017834834225,0.0015767655564414202
12,L3ARMAConv,final,AGGLOMERATIVE_CLUSTERING,2,0.114022288610519,0.1944395037841443,0.2461865684671672
13,L3ARMAConv,final,AGGLOMERATIVE_CLUSTERING,3,0.12480811326257128,0.368856233923903,0.014955745581629144
14,L3ARMAConv,final,AGGLOMERATIVE_CLUSTERING,4,0.11668439067617296,0.5735009661551975,0.012634559282280085
15,L3ARMAConv,final,AGGLOMERATIVE_CLUSTERING,5,0.12335668185752649,0.6983429614483992,0.006139540641986805
16,L3ARMAConv,final,AGGLOMERATIVE_CLUSTERING,6,0.11743350978545232,0.8147538553190626,0.005617507253443523
17,L3ARMAConv,final,BRICH,2,0.6693637371063232,0.6579528273376697,0.049110331582038376
18,L3ARMAConv,final,BRICH,3,0.4903255105018616,0.8314722595108099,0.0397314850188288
19,L3ARMAConv,final,BRICH,4,0.47957396507263184,0.5824371692836277,0.011968631663168508
20,L3ARMAConv,final,BRICH,5,0.4464026093482971,0.5625856250294143,0.009121913745252362
21,L3ARMAConv,final,BRICH,6,0.45161426067352295,0.6958893933025947,0.0087685861889316
22,L3ARMAConv,final,DBSCAN,2,-0.17579489375449348,0.025316692862014593,0.03825336105776098
23,L3ARMAConv,final,MEANSHIFT,25,0.18265813998496355,0.2043896850226914,0.00018818307247642934
24,L3ARMAConv,final,SPECTRAL_CLUSTERING,2,0.5686242155582163,0.6731068716860342,0.007904636434342312
25,L3ARMAConv,final,SPECTRAL_CLUSTERING,3,0.5384553243079278,0.4769107643696241,0.003967998971854517
26,L3ARMAConv,final,SPECTRAL_CLUSTERING,4,0.3931518601996947,0.6049908286040666,0.0029788913803417585
27,L3ARMAConv,final,SPECTRAL_CLUSTERING,5,0.25826890429167043,0.5309811632400463,0.0029183190726001884
28,L3ARMAConv,final,SPECTRAL_CLUSTERING,6,0.2699594924817973,0.6410083369927279,0.00198785570506235
29,L3ARMAConv,final,GAUSSIAN_MIXTURE,2,0.5567026021701561,0.49568178321998013,0.015682290757289566
30,L3ARMAConv,final,GAUSSIAN_MIXTURE,3,0.16305254598616148,0.5898240527415346,0.024939188204152002
31,L3ARMAConv,final,GAUSSIAN_MIXTURE,4,0.14943491562482894,0.8620882367462636,0.012417057868478886
32,L3ARMAConv,final,GAUSSIAN_MIXTURE,5,0.18509989626800746,0.8003872924853153,0.007925902378183112
33,L3ARMAConv,final,GAUSSIAN_MIXTURE,6,0.12279623681477836,0.8809542714578186,0.0072025577619814094
0,L3ARMAConv,alsnmf,KMEANS,2,0.5939764933549064,0.9602302378729274,0.21713941048554783
1,L3ARMAConv,alsnmf,KMEANS,3,0.6019027844262321,0.6936996916921015,0.039471446574155765
2,L3ARMAConv,alsnmf,KMEANS,4,0.5517511218722471,0.6212926107302903,0.03157959774915273
3,L3ARMAConv,alsnmf,KMEANS,5,0.5046024953116331,0.7150222202037338,0.022671759934637485
4,L3ARMAConv,alsnmf,KMEANS,6,0.49448517844929635,0.2718340909957771,0.01299341718253986
5,L3ARMAConv,alsnmf,PAM,2,0.5626727938652039,0.7253056053893385,0.24196441326328155
6,L3ARMAConv,alsnmf,PAM,3,0.49199527502059937,0.4924372937059338,0.10993040761797233
7,L3ARMAConv,alsnmf,PAM,4,0.4822933077812195,0.912703885089548,0.058196645488746875
8,L3ARMAConv,alsnmf,PAM,5,0.5062522888183594,0.9651070256598506,0.02067880488327578
9,L3ARMAConv,alsnmf,PAM,6,0.5336517691612244,0.7797899428877975,0.017178968178718418
10,L3ARMAConv,alsnmf,COMMONNN,8,0.1179420759204054,0.8739566310886516,0.001938596207807572
11,L3ARMAConv,alsnmf,AFFINITY_PROPAGATION,11,0.504006564617157,0.46993573846240433,0.004482217888896902
12,L3ARMAConv,alsnmf,AGGLOMERATIVE_CLUSTERING,2,0.5745781124437238,0.8672568658818015,0.24513896604815796
13,L3ARMAConv,alsnmf,AGGLOMERATIVE_CLUSTERING,3,0.5988678835327476,0.7024875613117885,0.0395468019462281
14,L3ARMAConv,alsnmf,AGGLOMERATIVE_CLUSTERING,4,0.5552941835248251,0.5101428967622812,0.028306661319649554
15,L3ARMAConv,alsnmf,AGGLOMERATIVE_CLUSTERING,5,0.4599695396479307,0.6731980468192078,0.024029058172815504
16,L3ARMAConv,alsnmf,AGGLOMERATIVE_CLUSTERING,6,0.4613175608663315,0.34033794367704695,0.009581638870391656
17,L3ARMAConv,alsnmf,BRICH,2,0.5619816780090332,0.611890576910721,0.2439643815177537
18,L3ARMAConv,alsnmf,BRICH,3,0.5542687773704529,0.6953574550424231,0.021704041691717788
19,L3ARMAConv,alsnmf,BRICH,4,0.49579036235809326,0.7844640107380482,0.01785243598541025
20,L3ARMAConv,alsnmf,BRICH,5,0.46434348821640015,0.7852264347836777,0.01605765199781838
21,L3ARMAConv,alsnmf,BRICH,6,0.5040866136550903,0.8810657041504465,0.014307996498220522
22,L3ARMAConv,alsnmf,DBSCAN,3,0.39115204672947007,0.6516193404726496,0.040577386112107046
23,L3ARMAConv,alsnmf,MEANSHIFT,2,0.6004212597629537,0.4927028045931505,0.08647481786003396
24,L3ARMAConv,alsnmf,SPECTRAL_CLUSTERING,2,0.5937755161679265,0.7570349652678409,0.21567911620450472
25,L3ARMAConv,alsnmf,SPECTRAL_CLUSTERING,3,0.5044009731477532,0.90209799490823,0.04764100287477988
26,L3ARMAConv,alsnmf,SPECTRAL_CLUSTERING,4,0.16886936368531213,0.9575506493220932,0.0036763426206336907
27,L3ARMAConv,alsnmf,SPECTRAL_CLUSTERING,5,0.12207209949012661,0.9343050725584972,0.00251543066454673
28,L3ARMAConv,alsnmf,SPECTRAL_CLUSTERING,6,0.08037634855033357,0.10072017979893644,0.0012919124849336424
29,L3ARMAConv,alsnmf,GAUSSIAN_MIXTURE,2,0.5563066484315244,0.9514480345353045,0.24751988063681526
30,L3ARMAConv,alsnmf,GAUSSIAN_MIXTURE,3,0.5032597651829451,0.5571145387838978,0.07245628883430011
31,L3ARMAConv,alsnmf,GAUSSIAN_MIXTURE,4,0.43432945987754046,0.7508408623992657,0.049942369433568556
32,L3ARMAConv,alsnmf,GAUSSIAN_MIXTURE,5,0.4559446892703151,0.6976589535543187,0.01826476882370005
33,L3ARMAConv,alsnmf,GAUSSIAN_MIXTURE,6,0.4058145839682918,0.8252219430974066,0.01100960500883072
0,L3ARMAConv,nmf,KMEANS,2,0.5421182771855267,0.6856214750933691,0.21713941048554783
1,L3ARMAConv,nmf,KMEANS,3,0.5208919618794849,0.5944437203062501,0.05419217920349361
2,L3ARMAConv,nmf,KMEANS,4,0.4277672656075117,0.5514779036564281,0.040520631945551555
3,L3ARMAConv,nmf,KMEANS,5,0.4113391990975764,0.5383696220998313,0.01851814307890156
4,L3ARMAConv,nmf,KMEANS,6,0.4078749319735699,0.3157145859286459,0.008298372456972717
5,L3ARMAConv,nmf,PAM,2,0.5117905735969543,0.6567938374948421,0.2439643815177537
6,L3ARMAConv,nmf,PAM,3,0.5352843403816223,0.7715641328258537,0.07135991016731205
7,L3ARMAConv,nmf,PAM,4,0.5182129144668579,0.35391944727998104,0.016254751675676464
8,L3ARMAConv,nmf,PAM,5,0.4764783978462219,0.7931936203507784,0.012094895577918506
9,L3ARMAConv,nmf,PAM,6,0.4826798141002655,0.6619065712394803,0.008286023925500438
10,L3ARMAConv,nmf,COMMONNN,2,0.7137642472041359,0.7858000100002145,0.011809336359740321
11,L3ARMAConv,nmf,AFFINITY_PROPAGATION,12,0.45260152220726013,0.6676115340992569,0.0032929920560706076
12,L3ARMAConv,nmf,AGGLOMERATIVE_CLUSTERING,2,0.4678536774071409,0.9558638097902424,0.2499007952254726
13,L3ARMAConv,nmf,AGGLOMERATIVE_CLUSTERING,3,0.4876887613847572,0.6579934277375552,0.052447687555037634
14,L3ARMAConv,nmf,AGGLOMERATIVE_CLUSTERING,4,0.41990266928843667,0.5164561120934781,0.03771731520332228
15,L3ARMAConv,nmf,AGGLOMERATIVE_CLUSTERING,5,0.4292124649634752,0.6482258116868163,0.008822733756332694
16,L3ARMAConv,nmf,AGGLOMERATIVE_CLUSTERING,6,0.3540991285590327,0.7152465340251316,0.008337087752431225
17,L3ARMAConv,nmf,BRICH,2,0.6174828410148621,0.7298459158006305,0.0928556689576356
18,L3ARMAConv,nmf,BRICH,3,0.5380041003227234,0.6476718301029566,0.06944615902586836
19,L3ARMAConv,nmf,BRICH,4,0.5470774173736572,0.8085418635047632,0.010067907181767657
20,L3ARMAConv,nmf,BRICH,5,0.5403040051460266,0.6825526365645183,0.006083724534549779
21,L3ARMAConv,nmf,BRICH,6,0.49167659878730774,0.5698571330626173,0.005682039731100779
22,L3ARMAConv,nmf,DBSCAN,2,0.707072281896375,0.8055448084539547,0.003968190981095538
23,L3ARMAConv,nmf,MEANSHIFT,2,0.6064818946818464,0.37781978887655576,0.0631418548911922
24,L3ARMAConv,nmf,SPECTRAL_CLUSTERING,2,0.540425091824757,0.5398832919062921,0.22132982016158476
25,L3ARMAConv,nmf,SPECTRAL_CLUSTERING,3,0.25008208924249903,0.7315329660878277,0.08799021024456452
26,L3ARMAConv,nmf,SPECTRAL_CLUSTERING,4,-0.03998778965621776,0.8543752198020149,0.003815677274965066
27,L3ARMAConv,nmf,SPECTRAL_CLUSTERING,5,-0.05882941393683388,0.9227845825623648,0.001948978822475253
28,L3ARMAConv,nmf,SPECTRAL_CLUSTERING,6,-0.06733330751139904,0.9523021257970714,0.0013083559171751494
29,L3ARMAConv,nmf,GAUSSIAN_MIXTURE,2,0.5071598218524633,0.8241703191393029,0.19380644751670606
30,L3ARMAConv,nmf,GAUSSIAN_MIXTURE,3,0.4908044400511237,0.350616576230427,0.062092179954795934
31,L3ARMAConv,nmf,GAUSSIAN_MIXTURE,4,0.41528895683141337,0.32435949809944237,0.03342096467846404
32,L3ARMAConv,nmf,GAUSSIAN_MIXTURE,5,0.4672207502433696,0.6665750050082498,0.007657457942524573
33,L3ARMAConv,nmf,GAUSSIAN_MIXTURE,6,0.4063111759609898,0.35404201833665655,0.008097361883229947
0,L3ARMAConv,fpdnmf,KMEANS,2,0.5583739274275169,0.8126354451431103,0.2445675465468802
1,L3ARMAConv,fpdnmf,KMEANS,3,0.5153413002624052,0.8468822388322577,0.08376843826174048
2,L3ARMAConv,fpdnmf,KMEANS,4,0.4803767270051858,0.7862737749433502,0.0327173947370759
3,L3ARMAConv,fpdnmf,KMEANS,5,0.4976187284618772,0.5643362507768988,0.025748906275568605
4,L3ARMAConv,fpdnmf,KMEANS,6,0.47659884283896603,0.9727224778098182,0.01656792413883973
5,L3ARMAConv,fpdnmf,PAM,2,0.5299877524375916,0.7997346400430629,0.24790082697100047
6,L3ARMAConv,fpdnmf,PAM,3,0.521965503692627,0.9885940703275042,0.09744694690625255
7,L3ARMAConv,fpdnmf,PAM,4,0.5001459717750549,0.7031755882874511,0.058480295617976595
8,L3ARMAConv,fpdnmf,PAM,5,0.5154482126235962,0.3252613678722008,0.038243727103604366
9,L3ARMAConv,fpdnmf,PAM,6,0.5347832441329956,0.5170628687508608,0.01591576638116616
10,L3ARMAConv,fpdnmf,COMMONNN,45,0.028356247004949584,0.6559061222675161,0.00023799927233926184
11,L3ARMAConv,fpdnmf,AFFINITY_PROPAGATION,11,0.5006793141365051,0.20084559237585248,0.005704953592396738
12,L3ARMAConv,fpdnmf,AGGLOMERATIVE_CLUSTERING,2,0.5433911433042721,0.8493541254452188,0.2445675465468802
13,L3ARMAConv,fpdnmf,AGGLOMERATIVE_CLUSTERING,3,0.43532686123372766,0.5010531312528632,0.08955305953314577
14,L3ARMAConv,fpdnmf,AGGLOMERATIVE_CLUSTERING,4,0.4214480343052132,0.5295581670247762,0.05238981403213419
15,L3ARMAConv,fpdnmf,AGGLOMERATIVE_CLUSTERING,5,0.4449021247188215,0.6521606671806102,0.016232301457549198
16,L3ARMAConv,fpdnmf,AGGLOMERATIVE_CLUSTERING,6,0.46491227413211045,0.6801757025446366,0.014567004597652096
17,L3ARMAConv,fpdnmf,BRICH,2,0.5329397916793823,0.9327471714071923,0.24196441326328155
18,L3ARMAConv,fpdnmf,BRICH,3,0.4672349691390991,0.7301506097529713,0.08221826479787071
19,L3ARMAConv,fpdnmf,BRICH,4,0.504574179649353,0.8859383306172484,0.054394807614585934
20,L3ARMAConv,fpdnmf,BRICH,5,0.5115771889686584,0.8682480612357798,0.017942767806906245
21,L3ARMAConv,fpdnmf,BRICH,6,0.5171659588813782,0.9293657780453964,0.015840260405091566
22,L3ARMAConv,fpdnmf,DBSCAN,6,0.04493065440114982,0.5046989068730152,0.009737051792828686
23,L3ARMAConv,fpdnmf,MEANSHIFT,3,0.47675094649130073,0.7794236037853717,0.010912262539131277
24,L3ARMAConv,fpdnmf,SPECTRAL_CLUSTERING,2,0.5583739274275169,0.8126354451431103,0.2445675465468802
25,L3ARMAConv,fpdnmf,SPECTRAL_CLUSTERING,3,0.4760521457907547,0.7462064786027558,0.042399135505577196
26,L3ARMAConv,fpdnmf,SPECTRAL_CLUSTERING,4,0.3979753015557819,0.9770730975339825,0.027211704295641403
27,L3ARMAConv,fpdnmf,SPECTRAL_CLUSTERING,5,0.4500649477361925,0.9904671524997481,0.015743937728325805
28,L3ARMAConv,fpdnmf,SPECTRAL_CLUSTERING,6,0.19649099527905783,0.9951642095339842,0.0031792897800254185
29,L3ARMAConv,fpdnmf,GAUSSIAN_MIXTURE,2,0.5098056000315564,0.9570249682035407,0.2498055586419263
30,L3ARMAConv,fpdnmf,GAUSSIAN_MIXTURE,3,0.4314146865394749,0.15120531821537764,0.08023754358491568
31,L3ARMAConv,fpdnmf,GAUSSIAN_MIXTURE,4,0.3918643060938363,0.7074237878175947,0.0511418170705114
32,L3ARMAConv,fpdnmf,GAUSSIAN_MIXTURE,5,0.31367602671852346,0.9216704512714808,0.03517342794066177
33,L3ARMAConv,fpdnmf,GAUSSIAN_MIXTURE,6,0.2721204282510074,0.832420183867442,0.013778039030373198
0,L3ARMAConv,pnmf,KMEANS,2,0.5266454947647137,0.41302155790122885,0.2276789257313376
1,L3ARMAConv,pnmf,KMEANS,3,0.5046802125108768,0.6767721935795399,0.06041293139198772
2,L3ARMAConv,pnmf,KMEANS,4,0.4401373651682986,0.5061881740193255,0.0210955971064015
3,L3ARMAConv,pnmf,KMEANS,5,0.3977867244546923,0.5352891736079601,0.018500062705660018
4,L3ARMAConv,pnmf,KMEANS,6,0.4289139183058264,0.5664085103048437,0.010164072384831364
5,L3ARMAConv,pnmf,PAM,2,0.4808173179626465,0.49795969243242655,0.2461865684671672
6,L3ARMAConv,pnmf,PAM,3,0.4966210722923279,0.6991226096118823,0.07905405376218211
7,L3ARMAConv,pnmf,PAM,4,0.438971608877182,0.6948394279389103,0.04743788073746073
8,L3ARMAConv,pnmf,PAM,5,0.4868379533290863,0.6260813225568898,0.008789341556548343
9,L3ARMAConv,pnmf,PAM,6,0.46361860632896423,0.2899449778057223,0.008287430445774742
10,L3ARMAConv,pnmf,COMMONNN,5,0.1321294810206,0.08724628642713975,0.0021682385898684126
11,L3ARMAConv,pnmf,AFFINITY_PROPAGATION,16,0.41178014874458313,0.7484932936919809,0.001366143503087865
12,L3ARMAConv,pnmf,AGGLOMERATIVE_CLUSTERING,2,0.5831588992567415,0.8332029023065144,0.0799669846510373
13,L3ARMAConv,pnmf,AGGLOMERATIVE_CLUSTERING,3,0.4250145490982567,0.9021580630326551,0.06274091360191006
14,L3ARMAConv,pnmf,AGGLOMERATIVE_CLUSTERING,4,0.38896128893970033,0.35427217988277376,0.04591275466537306
15,L3ARMAConv,pnmf,AGGLOMERATIVE_CLUSTERING,5,0.39597612076120164,0.501733155199405,0.009324136070355446
16,L3ARMAConv,pnmf,AGGLOMERATIVE_CLUSTERING,6,0.4080756852658322,0.6426219171161458,0.008268187747464127
17,L3ARMAConv,pnmf,BRICH,2,0.6530110239982605,0.37781978887655576,0.0631418548911922
18,L3ARMAConv,pnmf,BRICH,3,0.48227331042289734,0.5864488842550889,0.05247796316150545
19,L3ARMAConv,pnmf,BRICH,4,0.4781583547592163,0.7363509608235372,0.009444105782343075
20,L3ARMAConv,pnmf,BRICH,5,0.4925890266895294,0.34192806012263444,0.008731993527489408
21,L3ARMAConv,pnmf,BRICH,6,0.42351388931274414,0.3600027069642721,0.007971941273995286
22,L3ARMAConv,pnmf,DBSCAN,2,0.7024980509233525,0.7858000100002145,0.011809336359740321
23,L3ARMAConv,pnmf,MEANSHIFT,3,0.4521127243708382,0.30714589271485615,0.02027052081230404
24,L3ARMAConv,pnmf,SPECTRAL_CLUSTERING,2,0.5266454947647137,0.41302155790122885,0.2276789257313376
25,L3ARMAConv,pnmf,SPECTRAL_CLUSTERING,3,0.38365543181330364,0.859466744114137,0.09107974001651677
26,L3ARMAConv,pnmf,SPECTRAL_CLUSTERING,4,0.029702505030988376,0.9188408841676582,0.0038169115129223874
27,L3ARMAConv,pnmf,SPECTRAL_CLUSTERING,5,-0.02281031422819604,0.39563224052348556,0.0019490152149133127
28,L3ARMAConv,pnmf,SPECTRAL_CLUSTERING,6,-0.021317525555838632,0.46910419249720925,0.001308742339499917
29,L3ARMAConv,pnmf,GAUSSIAN_MIXTURE,2,0.5116080906225241,0.3180877784825292,0.23218679068586212
30,L3ARMAConv,pnmf,GAUSSIAN_MIXTURE,3,0.5132761712444684,0.5164203705667791,0.05177064649062342
31,L3ARMAConv,pnmf,GAUSSIAN_MIXTURE,4,0.39312740338052543,0.1964610651277436,0.04067594278346898
32,L3ARMAConv,pnmf,GAUSSIAN_MIXTURE,5,0.41122021953559257,0.5803144143504921,0.018167900604759795
33,L3ARMAConv,pnmf,GAUSSIAN_MIXTURE,6,0.39979551171739075,0.6965164867305801,0.01524009019461057
0,L3ARMAConv,gnmf,KMEANS,2,0.5328278151753473,0.2552726528035518,0.18799701592038223
1,L3ARMAConv,gnmf,KMEANS,3,0.5680574789697711,0.3950741897860464,0.07867386564518566
2,L3ARMAConv,gnmf,KMEANS,4,0.5441278733787985,0.7855749779813822,0.02686067776615034
3,L3ARMAConv,gnmf,KMEANS,5,0.5645476369224488,0.9159983576495437,0.015080405531493419
4,L3ARMAConv,gnmf,KMEANS,6,0.5069162713529877,0.9731020928730038,0.01318467139844587
5,L3ARMAConv,gnmf,PAM,2,0.4339887201786041,0.9860518176160841,0.20110791892192187
6,L3ARMAConv,gnmf,PAM,3,0.5057500004768372,0.6926755623510727,0.09018925904615696
7,L3ARMAConv,gnmf,PAM,4,0.47929447889328003,0.5412783794610645,0.04513733158547672
8,L3ARMAConv,gnmf,PAM,5,0.4804271161556244,0.7253752749456265,0.02363998224776985
9,L3ARMAConv,gnmf,PAM,6,0.5166532397270203,0.7352454268162694,0.009336431880034798
10,L3ARMAConv,gnmf,COMMONNN,32,0.016204060475881264,0.28750054427270944,0.00038193291771755345
11,L3ARMAConv,gnmf,AGGLOMERATIVE_CLUSTERING,2,0.5426759466506922,0.2879508532988821,0.1776797193695338
12,L3ARMAConv,gnmf,AGGLOMERATIVE_CLUSTERING,3,0.44879205079157763,0.47423546175833287,0.10437794277435712
13,L3ARMAConv,gnmf,AGGLOMERATIVE_CLUSTERING,4,0.49162928810867745,0.6768582939135928,0.02424376077887397
14,L3ARMAConv,gnmf,AGGLOMERATIVE_CLUSTERING,5,0.5159006998076405,0.8171202916103832,0.013639747586160482
15,L3ARMAConv,gnmf,AGGLOMERATIVE_CLUSTERING,6,0.5192554500755273,0.8968660113658894,0.011571677814302976
16,L3ARMAConv,gnmf,BRICH,2,0.613008975982666,0.9138592315596582,0.09910953794384217
17,L3ARMAConv,gnmf,BRICH,3,0.5931228995323181,0.9732122446894093,0.026905887863362517
18,L3ARMAConv,gnmf,BRICH,4,0.4916861951351166,0.5999207213320341,0.023416747992689346
19,L3ARMAConv,gnmf,BRICH,5,0.4815332591533661,0.6398319328956679,0.007566388301643077
20,L3ARMAConv,gnmf,BRICH,6,0.47729942202568054,0.5233181672124825,0.004545176620693647
21,L3ARMAConv,gnmf,DBSCAN,3,-0.011399000742996865,0.4545624819669236,0.04750975251184283
22,L3ARMAConv,gnmf,MEANSHIFT,3,0.5598650022738849,0.8971172437703546,0.023286165682099187
23,L3ARMAConv,gnmf,SPECTRAL_CLUSTERING,2,0.5328278151753473,0.2552726528035518,0.18799701592038223
24,L3ARMAConv,gnmf,SPECTRAL_CLUSTERING,3,0.5605301961610402,0.8290531121706222,0.02754666353790982
25,L3ARMAConv,gnmf,SPECTRAL_CLUSTERING,4,0.04938813089473277,0.9790276836125705,0.02805866231543873
26,L3ARMAConv,gnmf,SPECTRAL_CLUSTERING,5,-0.21990686804664492,0.9239709193784371,0.003454161215670083
27,L3ARMAConv,gnmf,SPECTRAL_CLUSTERING,6,-0.2632114879794195,0.9465037906874628,0.0018405936983817823
28,L3ARMAConv,gnmf,GAUSSIAN_MIXTURE,2,-0.04098689008002414,0.8115273482096546,0.2311074427390041
29,L3ARMAConv,gnmf,GAUSSIAN_MIXTURE,3,0.23070116446044045,0.6104876410628725,0.05419217920349361
30,L3ARMAConv,gnmf,GAUSSIAN_MIXTURE,4,0.44613400535802833,0.5956900481495739,0.03458151974969858
31,L3ARMAConv,gnmf,GAUSSIAN_MIXTURE,5,0.40274484623647105,0.8625265322408631,0.017797936294568304
32,L3ARMAConv,gnmf,GAUSSIAN_MIXTURE,6,0.15167493883988872,0.6961319514320026,0.015487269687840075
0,L2ARMAConv,final,KMEANS,2,0.4602155324274672,0.49568178321998013,0.015682290757289566
1,L2ARMAConv,final,KMEANS,3,0.18647031649981213,0.8626583291793347,0.007528494486490113
2,L2ARMAConv,final,KMEANS,4,0.0675536442989608,0.9361782158509232,0.0036080363300333247
3,L2ARMAConv,final,KMEANS,5,0.27089221973410027,0.7886821578469663,0.0013262168716438594
4,L2ARMAConv,final,KMEANS,6,0.06046737577035855,0.16537657307759854,0.0020386796266797513
5,L2ARMAConv,final,PAM,2,0.6329380869865417,0.9515009008995969,0.2045681814574372
6,L2ARMAConv,final,PAM,3,0.6441986560821533,0.9979000925551399,0.03781928964892288
7,L2ARMAConv,final,PAM,4,0.5565893650054932,0.7490814421192111,0.03080798469666987
8,L2ARMAConv,final,PAM,5,0.5634262561798096,0.7704149009580451,0.008107682610385848
9,L2ARMAConv,final,PAM,6,0.5108156800270081,0.8139321958896266,0.007435531182633938
10,L2ARMAConv,final,COMMONNN,2,-0.27425627134901703,0.025316692862014593,0.03825336105776098
11,L2ARMAConv,final,AGGLOMERATIVE_CLUSTERING,2,0.4602155324274672,0.49568178321998013,0.015682290757289566
12,L2ARMAConv,final,AGGLOMERATIVE_CLUSTERING,3,0.15889751468415925,0.7919191963894805,0.012855037774537857
13,L2ARMAConv,final,AGGLOMERATIVE_CLUSTERING,4,0.1645981766393261,0.6848747096544036,0.008796450475625323
14,L2ARMAConv,final,AGGLOMERATIVE_CLUSTERING,5,0.16992228791152902,0.6437423435418083,0.0033120016368193422
15,L2ARMAConv,final,AGGLOMERATIVE_CLUSTERING,6,0.07144587156077835,0.729423806942232,0.0032708166100750683
16,L2ARMAConv,final,BRICH,2,0.7395055294036865,0.9949970721418173,0.045523086935128014
17,L2ARMAConv,final,BRICH,3,0.6906784772872925,0.6360485561967293,0.008880540016101397
18,L2ARMAConv,final,BRICH,4,0.6509517431259155,0.8205282040293318,0.008481505381941484
19,L2ARMAConv,final,BRICH,5,0.6356549859046936,0.7158384132370821,0.004926964914014035
20,L2ARMAConv,final,BRICH,6,0.5709006190299988,0.7433608580522411,0.00453894579038142
21,L2ARMAConv,final,DBSCAN,2,-0.27425627134901703,0.025316692862014593,0.03825336105776098
22,L2ARMAConv,final,MEANSHIFT,44,0.15855327318466889,0.048358065826343735,9.522547961319256e-05
23,L2ARMAConv,final,SPECTRAL_CLUSTERING,2,0.46741020287099766,0.6731068716860342,0.007904636434342312
24,L2ARMAConv,final,SPECTRAL_CLUSTERING,3,0.4574835634885965,0.4769107643696241,0.003967998971854517
25,L2ARMAConv,final,SPECTRAL_CLUSTERING,4,0.42937166400829496,0.00013740623510981832,0.0015910489005980927
26,L2ARMAConv,final,SPECTRAL_CLUSTERING,5,0.2483896755111032,0.0003468853516311725,0.0014465857154125374
27,L2ARMAConv,final,SPECTRAL_CLUSTERING,6,0.1667480002032597,0.000872661537069565,0.0014192831086301818
28,L2ARMAConv,final,GAUSSIAN_MIXTURE,2,0.33821578005027786,0.5516618073539884,0.003968190981095538
29,L2ARMAConv,final,GAUSSIAN_MIXTURE,3,0.09964753765099774,0.3900162281627263,0.0047576683557034
30,L2ARMAConv,final,GAUSSIAN_MIXTURE,4,-0.08482115666486977,2.9789593729311794e-12,0.0013262386694831412
31,L2ARMAConv,final,GAUSSIAN_MIXTURE,5,0.06600782946665604,0.6103658234705782,0.0060158146948147235
32,L2ARMAConv,final,GAUSSIAN_MIXTURE,6,0.0016063551841666267,0.48432196998752375,0.0012788501427266603
0,L2ARMAConv,alsnmf,KMEANS,2,0.71040518388895,0.7108133422104099,0.16425136108950653
1,L2ARMAConv,alsnmf,KMEANS,3,0.6916876096868231,0.9979000925551399,0.037732667214738926
2,L2ARMAConv,alsnmf,KMEANS,4,0.6322407537089932,0.9966506072612021,0.02678202565186216
3,L2ARMAConv,alsnmf,KMEANS,5,0.6377130320040902,0.8950228017793975,0.008083351678672994
4,L2ARMAConv,alsnmf,KMEANS,6,0.6102570471300985,0.9014598640996354,0.007414561034523159
5,L2ARMAConv,alsnmf,PAM,2,0.6249994039535522,0.9296647881700774,0.237996222282186
6,L2ARMAConv,alsnmf,PAM,3,0.5567051768302917,0.8922265191921979,0.10572868166621838
7,L2ARMAConv,alsnmf,PAM,4,0.5481078624725342,0.9166566489222698,0.0536902949764135
8,L2ARMAConv,alsnmf,PAM,5,0.576478898525238,0.9710939031628856,0.020521167614779096
9,L2ARMAConv,alsnmf,PAM,6,0.5233003497123718,0.8805993044135461,0.016508895217741397
10,L2ARMAConv,alsnmf,COMMONNN,10,0.3187860600539466,0.9707613167696166,0.0011644445183774297
11,L2ARMAConv,alsnmf,AFFINITY_PROPAGATION,10,0.5440489053726196,0.920713707038125,0.004782842285729676
12,L2ARMAConv,alsnmf,AGGLOMERATIVE_CLUSTERING,2,0.71040518388895,0.7108133422104099,0.16425136108950653
13,L2ARMAConv,alsnmf,AGGLOMERATIVE_CLUSTERING,3,0.680870751051462,0.9272367664397785,0.03514571194350783
14,L2ARMAConv,alsnmf,AGGLOMERATIVE_CLUSTERING,4,0.6241922956716044,0.9415030225120535,0.029650650634731057
15,L2ARMAConv,alsnmf,AGGLOMERATIVE_CLUSTERING,5,0.6289016569857638,0.8628746576084647,0.008040849986428523
16,L2ARMAConv,alsnmf,AGGLOMERATIVE_CLUSTERING,6,0.5520164419493278,0.9167889033272867,0.007684829350033001
17,L2ARMAConv,alsnmf,BRICH,2,0.629590630531311,0.4888746498649966,0.22647259567308456
18,L2ARMAConv,alsnmf,BRICH,3,0.6125859022140503,0.7855637622044718,0.030639765586950793
19,L2ARMAConv,alsnmf,BRICH,4,0.5715456604957581,0.9213530155276759,0.02314975679519339
20,L2ARMAConv,alsnmf,BRICH,5,0.5368293523788452,0.9181857568527426,0.019164084865622637
21,L2ARMAConv,alsnmf,BRICH,6,0.5394383072853088,0.7879513323872369,0.007286396389858081
22,L2ARMAConv,alsnmf,DBSCAN,2,0.7302764143694346,0.9949970721418173,0.045523086935128014
23,L2ARMAConv,alsnmf,MEANSHIFT,5,0.6549492149666828,0.9263816895000366,0.0035186328130649702
24,L2ARMAConv,alsnmf,SPECTRAL_CLUSTERING,2,0.71040518388895,0.7108133422104099,0.16425136108950653
25,L2ARMAConv,alsnmf,SPECTRAL_CLUSTERING,3,0.511814599775484,0.9909047626925414,0.05965443040671539
26,L2ARMAConv,alsnmf,SPECTRAL_CLUSTERING,4,0.24608965017536766,0.9724147854008375,0.0037344863176922076
27,L2ARMAConv,alsnmf,SPECTRAL_CLUSTERING,5,0.22859728348975644,0.7860488082924824,0.0019275777173380316
28,L2ARMAConv,alsnmf,SPECTRAL_CLUSTERING,6,0.23499855774803521,0.8728909978471642,0.0012990431597148158
29,L2ARMAConv,alsnmf,GAUSSIAN_MIXTURE,2,0.565732212433705,0.595701529241365,0.24123426612275997
30,L2ARMAConv,alsnmf,GAUSSIAN_MIXTURE,3,0.5756767730916378,0.9999044752347702,0.03966747899744094
31,L2ARMAConv,alsnmf,GAUSSIAN_MIXTURE,4,0.5528169898479572,0.9320169163740578,0.03235817718245667
32,L2ARMAConv,alsnmf,GAUSSIAN_MIXTURE,5,0.512509239824136,0.9947729727188986,0.02423899371298028
33,L2ARMAConv,alsnmf,GAUSSIAN_MIXTURE,6,0.5203489861534779,0.9471677964583549,0.0075830970345494774
0,L2ARMAConv,nmf,KMEANS,2,0.7075406638177086,0.5277558344750527,0.056189584292312814
1,L2ARMAConv,nmf,KMEANS,3,0.684915743029327,0.4742431416140085,0.028114216315003784
2,L2ARMAConv,nmf,KMEANS,4,0.6036491930050251,0.5592790365615272,0.014894775340025205
3,L2ARMAConv,nmf,KMEANS,5,0.5986548660995411,0.5478077445857499,0.01099325572486086
4,L2ARMAConv,nmf,KMEANS,6,0.5833814816209928,0.852563360756699,0.008770900115857473
5,L2ARMAConv,nmf,PAM,2,0.6785753965377808,0.22215407151888406,0.12568054475325788
6,L2ARMAConv,nmf,PAM,3,0.6308072209358215,0.4055495631414686,0.027250996015936255
7,L2ARMAConv,nmf,PAM,4,0.5496219992637634,0.5877297825651018,0.03617401917961262
8,L2ARMAConv,nmf,PAM,5,0.5588775277137756,0.5207348614431275,0.0124133446144091
9,L2ARMAConv,nmf,PAM,6,0.57722008228302,1.4975451193318265e-08,0.003067015225573306
10,L2ARMAConv,nmf,COMMONNN,15,0.2738524984129042,0.0015023861211806097,0.0008153725887835753
11,L2ARMAConv,nmf,AFFINITY_PROPAGATION,17,0.5499136447906494,2.019528176240592e-08,0.001031455735934589
12,L2ARMAConv,nmf,AGGLOMERATIVE_CLUSTERING,2,0.8020272794361052,0.7038755451773637,0.019523499626990046
13,L2ARMAConv,nmf,AGGLOMERATIVE_CLUSTERING,3,0.7041696220527482,0.24882418620575478,0.01444868137988466
14,L2ARMAConv,nmf,AGGLOMERATIVE_CLUSTERING,4,0.5518770968518066,0.3745965261563025,0.013519658396521078
15,L2ARMAConv,nmf,AGGLOMERATIVE_CLUSTERING,5,0.5559247732638444,0.5062439745870337,0.012493655220719636
16,L2ARMAConv,nmf,AGGLOMERATIVE_CLUSTERING,6,0.5753906254704241,0.6317735629894554,0.009194964830522567
17,L2ARMAConv,nmf,BRICH,2,0.7957178950309753,0.7038755451773637,0.019523499626990046
18,L2ARMAConv,nmf,BRICH,3,0.7063544392585754,0.24882418620575478,0.01444868137988466
19,L2ARMAConv,nmf,BRICH,4,0.6159543991088867,0.4137179685416169,0.012012601737790975
20,L2ARMAConv,nmf,BRICH,5,0.6158121824264526,1.9383450859859587e-09,0.002883540325344709
21,L2ARMAConv,nmf,BRICH,6,0.6088658571243286,6.105118109000123e-09,0.002296990856326236
22,L2ARMAConv,nmf,DBSCAN,2,0.5898657564856784,0.5248882769332289,0.1546642116791797
23,L2ARMAConv,nmf,MEANSHIFT,5,0.6504299879578775,3.572985535057268e-09,0.002566779319759034
24,L2ARMAConv,nmf,SPECTRAL_CLUSTERING,2,0.6558221044674698,0.7509774035223108,0.08323677401946002
25,L2ARMAConv,nmf,SPECTRAL_CLUSTERING,3,0.6934574095970372,0.17823405760337158,0.02087424121801705
26,L2ARMAConv,nmf,SPECTRAL_CLUSTERING,4,0.01897690956716319,0.09953910166826686,0.018775666988236565
27,L2ARMAConv,nmf,SPECTRAL_CLUSTERING,5,-0.04404529924796612,0.2693065025377812,0.01756839286002928
28,L2ARMAConv,nmf,SPECTRAL_CLUSTERING,6,-0.06285075625247379,0.19285340741463083,0.01543410061198197
29,L2ARMAConv,nmf,GAUSSIAN_MIXTURE,2,0.5121214693396263,0.351405907974357,0.18799701592038223
30,L2ARMAConv,nmf,GAUSSIAN_MIXTURE,3,0.3536436187544121,0.3204639853271813,0.021051228667661282
31,L2ARMAConv,nmf,GAUSSIAN_MIXTURE,4,0.17524013970940586,0.4347514369661091,0.007178224261715582
32,L2ARMAConv,nmf,GAUSSIAN_MIXTURE,5,0.25156085569704045,0.7927571569797733,0.005276838433149863
33,L2ARMAConv,nmf,GAUSSIAN_MIXTURE,6,0.2508191133925587,0.7278443118402753,0.0060392202701229115
0,L2ARMAConv,fpdnmf,KMEANS,2,0.6744476794103852,0.622958294963694,0.1733305820542531
1,L2ARMAConv,fpdnmf,KMEANS,3,0.6528679840447456,0.9979000925551399,0.03790300436744569
2,L2ARMAConv,fpdnmf,KMEANS,4,0.6065401788111269,0.9433571711362124,0.030617965220343355
3,L2ARMAConv,fpdnmf,KMEANS,5,0.6100066051795384,0.8616168176317618,0.008110336095703259
4,L2ARMAConv,fpdnmf,KMEANS,6,0.5644070878473791,0.5587237385696037,0.007493919062200733
5,L2ARMAConv,fpdnmf,PAM,2,0.6028768420219421,0.7091377295513871,0.24196441326328155
6,L2ARMAConv,fpdnmf,PAM,3,0.5498736500740051,0.7911753417707676,0.10753149078591132
7,L2ARMAConv,fpdnmf,PAM,4,0.5304611921310425,0.7942028492945303,0.05774191931924824
8,L2ARMAConv,fpdnmf,PAM,5,0.4987559914588928,0.6947378147297707,0.03803658599126539
9,L2ARMAConv,fpdnmf,PAM,6,0.5038462281227112,0.9966999532829571,0.026605833568442667
10,L2ARMAConv,fpdnmf,COMMONNN,29,-0.055145235666740594,0.19233519558802534,0.0003294262895163198
11,L2ARMAConv,fpdnmf,AFFINITY_PROPAGATION,11,0.5509999990463257,0.6531117564963778,0.004461522601940185
12,L2ARMAConv,fpdnmf,AGGLOMERATIVE_CLUSTERING,2,0.6726878921073185,0.8832637960004208,0.15218806050697609
13,L2ARMAConv,fpdnmf,AGGLOMERATIVE_CLUSTERING,3,0.5694892149959582,0.9286933044305501,0.09478279711807898
14,L2ARMAConv,fpdnmf,AGGLOMERATIVE_CLUSTERING,4,0.5950256310978705,0.9849633488947874,0.03003173683544698
15,L2ARMAConv,fpdnmf,AGGLOMERATIVE_CLUSTERING,5,0.5621670973405947,0.9947283612590659,0.022574370536547046
16,L2ARMAConv,fpdnmf,AGGLOMERATIVE_CLUSTERING,6,0.5687225549274777,0.9517100292301864,0.007410870614687085
17,L2ARMAConv,fpdnmf,BRICH,2,0.6057342886924744,0.5153988917143169,0.2276789257313376
18,L2ARMAConv,fpdnmf,BRICH,3,0.5166257619857788,0.778486172025871,0.07634622996785544
19,L2ARMAConv,fpdnmf,BRICH,4,0.5434883832931519,0.9061013615086261,0.05471534425823581
20,L2ARMAConv,fpdnmf,BRICH,5,0.5464792251586914,0.9674908124101484,0.020791720898987908
21,L2ARMAConv,fpdnmf,BRICH,6,0.5118009448051453,0.9440864881345141,0.015737991999225296
22,L2ARMAConv,fpdnmf,DBSCAN,3,0.21918960538747986,0.6701004555606893,0.06481241811054508
23,L2ARMAConv,fpdnmf,MEANSHIFT,6,0.5757110909602148,0.9326313407506538,0.00220341898988978
24,L2ARMAConv,fpdnmf,SPECTRAL_CLUSTERING,2,0.6761752331472101,0.7108133422104099,0.16425136108950653
25,L2ARMAConv,fpdnmf,SPECTRAL_CLUSTERING,3,0.565437000309229,0.9508386884046239,0.03408773533785767
26,L2ARMAConv,fpdnmf,SPECTRAL_CLUSTERING,4,0.39833832135717234,0.9913480235531094,0.02878564920569237
27,L2ARMAConv,fpdnmf,SPECTRAL_CLUSTERING,5,0.36042517896525,0.9555803975095942,0.021012309941571165
28,L2ARMAConv,fpdnmf,SPECTRAL_CLUSTERING,6,0.2942381615959701,0.9962061507800128,0.0033277520875784365
29,L2ARMAConv,fpdnmf,GAUSSIAN_MIXTURE,2,0.5671996232377079,0.47290232557345957,0.2361867271948064
30,L2ARMAConv,fpdnmf,GAUSSIAN_MIXTURE,3,0.583644746098826,0.9650694328830842,0.0394977249445665
31,L2ARMAConv,fpdnmf,GAUSSIAN_MIXTURE,4,0.5401666745740954,0.9960461074864078,0.0323810578252872
32,L2ARMAConv,fpdnmf,GAUSSIAN_MIXTURE,5,0.5378418642198781,0.914224393411478,0.008229020807257403
33,L2ARMAConv,fpdnmf,GAUSSIAN_MIXTURE,6,0.482971756333894,0.939328200345857,0.007622147654657197
0,L2ARMAConv,pnmf,KMEANS,2,0.4927069247513412,0.9579941983190875,0.21418707639561277
1,L2ARMAConv,pnmf,KMEANS,3,0.57199342484782,0.9317093059701201,0.06749832110691835
2,L2ARMAConv,pnmf,KMEANS,4,0.5699893045172723,0.6898938286976635,0.013219505150166547
3,L2ARMAConv,pnmf,KMEANS,5,0.577342188434455,0.00907369713264951,0.006275697216504273
4,L2ARMAConv,pnmf,KMEANS,6,0.5353909179852899,0.0028931851008043913,0.005841449721847717
5,L2ARMAConv,pnmf,PAM,2,0.47429248690605164,0.7243431707456274,0.19380644751670606
6,L2ARMAConv,pnmf,PAM,3,0.46287301182746887,0.9212057432375198,0.09725074855856079
7,L2ARMAConv,pnmf,PAM,4,0.5336720943450928,0.9219678639530041,0.018667211626391022
8,L2ARMAConv,pnmf,PAM,5,0.5291086435317993,0.9485867451321723,0.01310471499921552
9,L2ARMAConv,pnmf,PAM,6,0.5068764686584473,0.8998628804789285,0.009745505360981736
10,L2ARMAConv,pnmf,COMMONNN,32,0.015392480190385329,0.9855289104823282,0.0003597538180610113
11,L2ARMAConv,pnmf,AGGLOMERATIVE_CLUSTERING,2,0.5264077124797877,0.7824543136855245,0.18190187457341947
12,L2ARMAConv,pnmf,AGGLOMERATIVE_CLUSTERING,3,0.5507105880254562,0.9578134795801452,0.0825042686397268
13,L2ARMAConv,pnmf,AGGLOMERATIVE_CLUSTERING,4,0.5666129919564095,0.6885027385287181,0.013303286616604187
14,L2ARMAConv,pnmf,AGGLOMERATIVE_CLUSTERING,5,0.577342188434455,0.00907369713264951,0.006275697216504273
15,L2ARMAConv,pnmf,AGGLOMERATIVE_CLUSTERING,6,0.5427221882329745,0.016079975871118833,0.005679775223973564
16,L2ARMAConv,pnmf,BRICH,2,0.7688734531402588,0.9049503119382515,0.027110680782844718
17,L2ARMAConv,pnmf,BRICH,3,0.5121031403541565,0.8798889016348175,0.022609329941676276
18,L2ARMAConv,pnmf,BRICH,4,0.5172432661056519,0.004479381743950945,0.0064604052156327675
19,L2ARMAConv,pnmf,BRICH,5,0.5613752007484436,0.007859389837167236,0.006157455980657654
20,L2ARMAConv,pnmf,BRICH,6,0.5637233853340149,0.016729107053450317,0.002851808070281332
21,L2ARMAConv,pnmf,DBSCAN,2,0.34134001225923777,0.9392738461851845,0.24047237345438963
22,L2ARMAConv,pnmf,MEANSHIFT,5,0.5282536437666756,0.10394420235377504,0.0022709657034809955
23,L2ARMAConv,pnmf,SPECTRAL_CLUSTERING,2,0.4927069247513412,0.9579941983190875,0.21418707639561277
24,L2ARMAConv,pnmf,SPECTRAL_CLUSTERING,3,0.7167259051744922,0.0016434452236164848,0.006782173631057166
25,L2ARMAConv,pnmf,SPECTRAL_CLUSTERING,4,0.46905310482150364,0.004962523111430955,0.006641046473673148
26,L2ARMAConv,pnmf,SPECTRAL_CLUSTERING,5,0.01295377307021074,0.011781497373133469,0.006137993208428142
27,L2ARMAConv,pnmf,SPECTRAL_CLUSTERING,6,0.01433880193411893,0.012247251673402485,0.005733709292228142
28,L2ARMAConv,pnmf,GAUSSIAN_MIXTURE,2,0.4346714021088502,0.27226994580342606,0.09910953794384217
29,L2ARMAConv,pnmf,GAUSSIAN_MIXTURE,3,-0.09074053965034783,0.3012478821079917,0.030323763394879567
30,L2ARMAConv,pnmf,GAUSSIAN_MIXTURE,4,-0.14946036612973918,0.005092096278920588,0.007192222933212801
31,L2ARMAConv,pnmf,GAUSSIAN_MIXTURE,5,0.10222446794702339,0.20553164554637463,0.007971363069545349
32,L2ARMAConv,pnmf,GAUSSIAN_MIXTURE,6,-0.20647884707760386,0.010801713340891462,0.00349044205619626
0,L2ARMAConv,gnmf,KMEANS,2,0.47437335426706045,0.21492280569847624,0.23523436135934347
1,L2ARMAConv,gnmf,KMEANS,3,0.5745932730909109,0.39337597313657446,0.06895927514568691
2,L2ARMAConv,gnmf,KMEANS,4,0.5496725072412676,0.639008260856615,0.027217531670703177
3,L2ARMAConv,gnmf,KMEANS,5,0.544535446812625,0.6752408272542139,0.021616649725854916
4,L2ARMAConv,gnmf,KMEANS,6,0.5371487509760097,0.7474404720865858,0.015755288686671358
5,L2ARMAConv,gnmf,PAM,2,0.5777722597122192,0.2594676529100634,0.1496801638069237
6,L2ARMAConv,gnmf,PAM,3,0.4615602195262909,0.5263905670197533,0.08355593160412476
7,L2ARMAConv,gnmf,PAM,4,0.5208904147148132,0.6113924899503378,0.03005411806453219
8,L2ARMAConv,gnmf,PAM,5,0.5142719149589539,0.8509223366748344,0.023039536954851777
9,L2ARMAConv,gnmf,PAM,6,0.4851768910884857,0.25855716473767243,0.015308682979317494
10,L2ARMAConv,gnmf,COMMONNN,27,0.27216478767766505,0.4801926107115857,0.0005194906036043341
11,L2ARMAConv,gnmf,AFFINITY_PROPAGATION,11,0.5700818300247192,0.6423235023147603,0.004766256175092166
12,L2ARMAConv,gnmf,AGGLOMERATIVE_CLUSTERING,2,0.47437335426706045,0.21492280569847624,0.23523436135934347
13,L2ARMAConv,gnmf,AGGLOMERATIVE_CLUSTERING,3,0.5057391820362293,0.3433584254039009,0.05433190953246653
14,L2ARMAConv,gnmf,AGGLOMERATIVE_CLUSTERING,4,0.5345306941374813,0.5155843790912276,0.025186348708743356
15,L2ARMAConv,gnmf,AGGLOMERATIVE_CLUSTERING,5,0.5407651719895076,0.5634379740371176,0.021207045751260124
16,L2ARMAConv,gnmf,AGGLOMERATIVE_CLUSTERING,6,0.5498898094170098,0.7031013198415007,0.017343657403483547
17,L2ARMAConv,gnmf,BRICH,2,0.6430642604827881,0.40911499372441984,0.10523642481865367
18,L2ARMAConv,gnmf,BRICH,3,0.641810953617096,0.672143453502986,0.02778020259016519
19,L2ARMAConv,gnmf,BRICH,4,0.45779845118522644,0.6927813373068459,0.0244711382698764
20,L2ARMAConv,gnmf,BRICH,5,0.5040896534919739,0.5707117193081914,0.021445653174118905
21,L2ARMAConv,gnmf,BRICH,6,0.49848687648773193,0.7112610261487713,0.008946946840399086
22,L2ARMAConv,gnmf,DBSCAN,7,0.10056265192966965,0.5383198091516463,0.0029792368373491203
23,L2ARMAConv,gnmf,MEANSHIFT,3,0.6049758120571759,0.9276395931713196,0.034111855198024586
24,L2ARMAConv,gnmf,SPECTRAL_CLUSTERING,2,0.47437335426706045,0.21492280569847624,0.23523436135934347
25,L2ARMAConv,gnmf,SPECTRAL_CLUSTERING,3,0.6106168927773642,0.7770585059496229,0.02986640196606925
26,L2ARMAConv,gnmf,SPECTRAL_CLUSTERING,4,-0.20675547087619225,0.8941559374239664,0.003515089290073275
27,L2ARMAConv,gnmf,SPECTRAL_CLUSTERING,5,-0.17404437315765128,0.9657629320769527,0.014636409190160482
28,L2ARMAConv,gnmf,SPECTRAL_CLUSTERING,6,0.06847052772861956,0.8570754550268875,0.015403546915954665
29,L2ARMAConv,gnmf,GAUSSIAN_MIXTURE,2,0.13429034506952525,0.470528492671065,0.0766654497547658
30,L2ARMAConv,gnmf,GAUSSIAN_MIXTURE,3,-0.2783595101612923,0.7594424469942057,0.02349272102824838
31,L2ARMAConv,gnmf,GAUSSIAN_MIXTURE,4,-0.05383882859230185,0.09181665888247337,0.013583928461005517
32,L2ARMAConv,gnmf,GAUSSIAN_MIXTURE,5,-0.06501671604059539,0.6356764346193403,0.005974861899742669
33,L2ARMAConv,gnmf,GAUSSIAN_MIXTURE,6,0.19039411095176975,0.5928970881795229,0.012063639366825276
